<?xml version="1.0" encoding="UTF-8" ?>
<!DOCTYPE configuration PUBLIC "-//mybatis.org//DTD Config 3.0//EN"    "http://mybatis.org/dtd/mybatis-3-config.dtd">

<configuration>

    <settings>
        <setting name="callSettersOnNulls" value="true"/>
        <setting name="mapUnderscoreToCamelCase" value="true"/>
    </settings>

    <mappers>
    	<mapper resource="database/housemap_query.xml" />
   	 <mapper resource="database/board_query.xml" />
<!--         <mapper resource="database/login_query.xml" /> -->
        <mapper resource="database/user_query.xml" />
        <mapper resource="database/interest_query.xml" />
    </mappers>
</configuration>